model_name,roc_auc,avg_precision
random_forest,0.9953053866666668,0.8798080903037676
xgboost,0.9931939839999999,0.9129913373140014
logistic_regression,0.9787785386666666,0.8061342510532751
